id,first_name,last_name,email,gender,ip_address
1,Morris,Battleson,mbattleson0@eepurl.com,Male,235.12.75.218
2,Nealon,Jamary,njamary1@toplist.cz,Male,29.203.181.200
3,Hamnet,Yourell,hyourell2@weibo.com,Male,87.170.19.28
4,Bev,Simison,bsimison3@admin.ch,Male,252.237.24.176
5,Babbie,Stonnell,bstonnell4@ustream.tv,Female,128.85.160.79
6,Rudie,Yukhtin,ryukhtin5@gnu.org,Male,44.47.107.176
7,Amye,Ort,aort6@behance.net,Female,8.4.123.214
8,Daffie,Higgoe,dhiggoe7@cbc.ca,Female,22.157.92.24
9,Erda,Graben,egraben8@drupal.org,Female,59.133.104.108
10,Sharyl,Maylam,smaylam9@live.com,Genderqueer,36.100.118.155
11,Yard,Cammiemile,ycammiemilea@list-manage.com,Male,224.181.80.218
12,Avictor,Roseman,arosemanb@blogs.com,Male,12.169.96.128
13,Alexandros,Rankling,aranklingc@sfgate.com,Male,97.131.88.233
14,Luis,Tellett,ltellettd@gov.uk,Male,32.0.130.5
15,Lynda,Crallan,lcrallane@dropbox.com,Female,186.146.204.36
16,Jen,Caughtry,jcaughtryf@abc.net.au,Polygender,238.59.185.91
17,Eleonore,Marton,emartong@msu.edu,Female,17.235.103.252
18,Gwenny,Bullocke,gbullockeh@japanpost.jp,Female,206.228.145.143
19,Alika,Shimuk,ashimuki@icio.us,Female,233.124.154.155
20,Cordula,Medwell,cmedwellj@mail.ru,Female,67.150.115.29
21,Durante,Keepe,dkeepek@japanpost.jp,Male,203.31.189.139
22,Bobbe,Wem,bweml@networkadvertising.org,Female,169.43.167.207
23,Olympe,Dartan,odartanm@opera.com,Polygender,145.155.24.217
24,Elset,Eakin,eeakinn@opera.com,Female,137.50.14.42
25,Izak,Waskett,iwasketto@marriott.com,Male,89.79.190.56
26,Allianora,Oades,aoadesp@themeforest.net,Female,213.7.139.132
27,Alec,De Carteret,adecarteretq@google.fr,Male,239.193.193.248
28,Annissa,Kittel,akittelr@elegantthemes.com,Female,129.254.59.184
29,Sherilyn,Alcorn,salcorns@sphinn.com,Female,111.216.44.138
30,May,Redfearn,mredfearnt@nature.com,Female,38.233.111.241
31,Mavis,Dankov,mdankovu@economist.com,Female,142.142.105.122
32,Fields,Oscroft,foscroftv@bluehost.com,Polygender,144.203.179.154
33,Karmen,De Ortega,kdeortegaw@imgur.com,Polygender,69.44.22.181
34,Miguela,Kilgour,mkilgourx@nhs.uk,Female,45.112.176.147
35,Nels,Kitt,nkitty@vinaora.com,Male,74.103.55.250
36,Damiano,Gillatt,dgillattz@dot.gov,Male,152.173.31.16
37,Siouxie,Fancet,sfancet10@marriott.com,Female,28.225.169.193
38,Rogers,Marder,rmarder11@tripadvisor.com,Male,113.112.218.87
39,Maryjo,Izat,mizat12@vinaora.com,Female,54.74.44.210
40,Yale,Bartoshevich,ybartoshevich13@spotify.com,Male,15.56.249.4
41,Lora,Balasini,lbalasini14@youtu.be,Female,185.166.58.219
42,Mathew,Di Antonio,mdiantonio15@unblog.fr,Male,238.193.85.208
43,Rora,Ciccoloi,rciccoloi16@nih.gov,Female,0.144.253.31
44,Iormina,Chong,ichong17@instagram.com,Agender,22.49.103.55
45,Ruben,Santus,rsantus18@scribd.com,Male,61.182.113.37
46,Omero,Heinl,oheinl19@ted.com,Male,85.22.232.29
47,Gwendolen,O' Cuolahan,gocuolahan1a@123-reg.co.uk,Female,153.44.116.246
48,Alvie,Okie,aokie1b@webeden.co.uk,Male,107.223.58.249
49,Jo ann,Claypole,jclaypole1c@webs.com,Female,23.42.42.6
50,Gavan,Danihel,gdanihel1d@people.com.cn,Male,205.214.105.180
51,Bartie,Dunderdale,bdunderdale1e@flavors.me,Male,165.146.113.189
52,Constancia,Duckers,cduckers1f@slashdot.org,Female,114.55.118.164
53,Hillie,Traice,htraice1g@symantec.com,Male,105.189.91.0
54,Alex,Boshell,aboshell1h@soundcloud.com,Female,63.193.41.4
55,Wyatt,Bussen,wbussen1i@diigo.com,Male,131.102.149.106
56,Carissa,Abramowitz,cabramowitz1j@hubpages.com,Female,172.53.210.181
57,Muhammad,Gaze,mgaze1k@nba.com,Male,254.91.82.252
58,Gian,Joppich,gjoppich1l@cnet.com,Male,217.83.82.89
59,Dean,Greaves,dgreaves1m@techcrunch.com,Male,185.151.11.70
60,Boyd,Davidescu,bdavidescu1n@wired.com,Male,60.106.189.191
61,Wendye,Pattemore,wpattemore1o@webs.com,Female,134.122.221.188
62,Alena,Saggers,asaggers1p@flavors.me,Female,107.2.135.78
63,Pearla,Scopyn,pscopyn1q@reference.com,Female,23.104.94.7
64,Cherin,Gouldstraw,cgouldstraw1r@tinyurl.com,Female,178.117.176.100
65,Bertrando,O'Dwyer,bodwyer1s@tripadvisor.com,Male,16.159.62.20
66,Ogden,Makepeace,omakepeace1t@theguardian.com,Male,31.4.34.233
67,Garey,Rodolfi,grodolfi1u@stanford.edu,Male,115.8.41.201
68,Pate,Glanders,pglanders1v@freewebs.com,Genderqueer,79.135.144.144
69,Geri,Paolacci,gpaolacci1w@over-blog.com,Genderfluid,236.234.140.40
70,Dulcea,Prinn,dprinn1x@google.ru,Female,12.183.14.185
71,Shannon,Swatten,sswatten1y@whitehouse.gov,Female,224.119.227.212
72,Viviyan,Droogan,vdroogan1z@about.com,Female,21.1.137.19
73,Jeanie,Hort,jhort20@stanford.edu,Female,173.236.158.73
74,Zeke,Le Galle,zlegalle21@nydailynews.com,Male,201.75.202.73
75,Jessie,Norcop,jnorcop22@oakley.com,Male,167.132.129.111
76,Cordula,Lismer,clismer23@dion.ne.jp,Genderqueer,127.209.68.243
77,Bil,Stollberger,bstollberger24@hud.gov,Male,77.226.58.214
78,Ricard,Cruxton,rcruxton25@addtoany.com,Male,226.26.18.50
79,Frederich,Doniso,fdoniso26@printfriendly.com,Male,131.226.14.112
80,Farica,Andreone,fandreone27@instagram.com,Female,53.194.131.170
81,Mela,Dotterill,mdotterill28@adobe.com,Female,196.117.72.145
82,Wynn,Dudny,wdudny29@seesaa.net,Male,239.91.60.74
83,Isidore,Shedden,ishedden2a@discovery.com,Male,122.167.59.87
84,Alex,Pardie,apardie2b@wikimedia.org,Male,106.129.118.200
85,Gerrilee,Dean,gdean2c@addthis.com,Female,185.203.83.78
86,Udell,Telfer,utelfer2d@freewebs.com,Male,38.251.192.213
87,Ediva,Kynsey,ekynsey2e@addtoany.com,Female,88.25.23.33
88,Marchall,Solon,msolon2f@tripod.com,Male,23.209.211.59
89,Tanney,Knibbs,tknibbs2g@mail.ru,Male,92.157.4.11
90,Eleanora,Mugford,emugford2h@1und1.de,Non-binary,145.9.27.221
91,Sella,Rawlin,srawlin2i@i2i.jp,Female,74.120.61.20
92,Constantin,Libbis,clibbis2j@arizona.edu,Male,14.210.58.108
93,Elli,Brennans,ebrennans2k@indiegogo.com,Female,36.107.175.81
94,Dennis,Bonsul,dbonsul2l@cbslocal.com,Male,236.250.247.194
95,Orion,Astbery,oastbery2m@comcast.net,Male,77.50.45.233
96,Marguerite,Syncke,msyncke2n@illinois.edu,Bigender,119.25.126.160
97,Sal,Thompsett,sthompsett2o@booking.com,Female,64.15.20.191
98,Lancelot,Greenroa,lgreenroa2p@163.com,Male,94.247.69.29
99,Aland,Pollitt,apollitt2q@usatoday.com,Male,37.196.160.72
100,Constancia,Pollard,cpollard2r@nps.gov,Female,96.208.58.135
101,Dewey,Morando,dmorando2s@sogou.com,Male,3.225.24.151
102,Dion,Bownde,dbownde2t@a8.net,Female,103.210.171.155
103,Hans,Drinkhall,hdrinkhall2u@livejournal.com,Male,83.163.104.17
104,Rodie,Fitchell,rfitchell2v@fastcompany.com,Female,209.30.0.189
105,Tobe,Gillbanks,tgillbanks2w@yelp.com,Male,28.62.209.68
106,Doroteya,Evitts,devitts2x@chron.com,Female,221.104.106.206
107,Corabel,Trice,ctrice2y@miitbeian.gov.cn,Female,254.237.26.95
108,Laureen,Hewins,lhewins2z@baidu.com,Female,32.14.139.160
109,Dulcea,Jaxon,djaxon30@ebay.com,Female,16.237.105.139
110,Charisse,Poxon,cpoxon31@soup.io,Female,80.205.131.11
111,Joela,Chatres,jchatres32@gravatar.com,Female,233.168.36.109
112,Clare,Pactat,cpactat33@reuters.com,Female,232.52.33.179
113,Rudy,Wevell,rwevell34@ed.gov,Male,224.20.180.131
114,Estell,Wisniowski,ewisniowski35@1und1.de,Female,5.156.198.207
115,Henri,Puttergill,hputtergill36@bbc.co.uk,Male,233.140.191.149
116,Leola,Avis,lavis37@google.fr,Non-binary,104.132.186.190
117,Gratiana,Mulran,gmulran38@blinklist.com,Female,30.88.101.94
118,Duke,Paullin,dpaullin39@lulu.com,Male,161.2.172.223
119,Khalil,Elby,kelby3a@dell.com,Male,204.53.108.133
120,Lavinia,Beaman,lbeaman3b@stumbleupon.com,Female,109.73.252.126
121,Philipa,Dealtry,pdealtry3c@cafepress.com,Female,106.7.110.90
122,Clayborne,Guinery,cguinery3d@skyrock.com,Male,182.76.113.216
123,Ethelind,Feaster,efeaster3e@sohu.com,Female,44.21.181.163
124,Josh,Briddle,jbriddle3f@123-reg.co.uk,Male,187.142.20.13
125,Alisander,Mallard,amallard3g@tinyurl.com,Male,154.45.207.235
126,Cynthea,Klimecki,cklimecki3h@google.nl,Female,191.43.9.65
127,Ulick,Velden,uvelden3i@mozilla.org,Male,181.231.91.228
128,Viki,Stelli,vstelli3j@fc2.com,Female,133.16.84.218
129,Serene,Zuanazzi,szuanazzi3k@uol.com.br,Female,106.115.147.35
130,Dion,Sykora,dsykora3l@ow.ly,Female,158.58.110.173
131,Deeann,Dubique,ddubique3m@chronoengine.com,Female,155.54.138.211
132,Ardith,Ettridge,aettridge3n@hc360.com,Female,127.237.108.176
133,Darci,Turfus,dturfus3o@geocities.jp,Female,215.104.19.137
134,Gerry,Leathley,gleathley3p@surveymonkey.com,Female,234.106.13.223
135,Rudy,Leblanc,rleblanc3q@who.int,Male,150.141.196.233
136,Charyl,Duerdin,cduerdin3r@a8.net,Female,227.255.101.185
137,Kippy,Fosbraey,kfosbraey3s@miibeian.gov.cn,Female,193.103.8.45
138,Biddy,Picton,bpicton3t@desdev.cn,Female,52.125.104.110
139,Joleen,Maceur,jmaceur3u@hhs.gov,Female,4.45.85.99
140,Fritz,Mangenot,fmangenot3v@taobao.com,Non-binary,190.146.174.23
141,Shelden,Annesley,sannesley3w@springer.com,Male,225.120.10.246
142,Barn,Morten,bmorten3x@behance.net,Male,172.96.221.42
143,Wolfy,Ponsford,wponsford3y@4shared.com,Male,217.203.135.182
144,Alex,Westney,awestney3z@shinystat.com,Female,99.188.189.244
145,Cindi,Alp,calp40@ted.com,Female,87.150.136.246
146,Cheston,Condliffe,ccondliffe41@dailymail.co.uk,Agender,216.53.211.141
147,Piggy,Gatling,pgatling42@cbc.ca,Male,54.11.54.239
148,Valery,Goodley,vgoodley43@digg.com,Female,62.211.245.206
149,Griffie,Renn,grenn44@tamu.edu,Male,4.80.111.83
150,Isabeau,Hesse,ihesse45@feedburner.com,Female,73.39.74.194
151,Shannah,Ruprechter,sruprechter46@arizona.edu,Female,122.173.211.134
152,Liana,Aronovich,laronovich47@google.com.hk,Polygender,91.74.130.166
153,Lettie,Yter,lyter48@amazon.de,Agender,206.136.71.28
154,Bartlett,Olohan,bolohan49@toplist.cz,Male,92.12.63.232
155,Hersh,Ingre,hingre4a@gmpg.org,Male,59.186.213.166
156,Irina,Ranahan,iranahan4b@ning.com,Female,239.84.240.92
157,Catina,Filippazzo,cfilippazzo4c@imdb.com,Female,182.100.165.253
158,Barnett,Cockayne,bcockayne4d@g.co,Male,225.70.129.44
159,Pail,Barten,pbarten4e@e-recht24.de,Male,7.83.148.252
160,Kippy,Joynson,kjoynson4f@ftc.gov,Male,82.94.5.62
161,Karolina,Laible,klaible4g@stumbleupon.com,Female,21.157.11.231
162,Tadeas,Poulsum,tpoulsum4h@google.nl,Male,105.221.153.17
163,Etienne,Askey,easkey4i@theatlantic.com,Male,178.162.73.106
164,Sarena,Kender,skender4j@blogspot.com,Female,225.59.237.136
165,Wilow,Osgodby,wosgodby4k@google.fr,Female,119.228.162.81
166,Janessa,Rosthorn,jrosthorn4l@reuters.com,Female,85.116.166.185
167,Corenda,Poyntz,cpoyntz4m@jimdo.com,Female,187.239.126.90
168,Myron,Strute,mstrute4n@twitpic.com,Male,132.137.115.26
169,Denys,Abrams,dabrams4o@friendfeed.com,Genderqueer,5.205.112.141
170,Flinn,de Grey,fdegrey4p@goodreads.com,Male,78.254.107.73
171,Scottie,Bisp,sbisp4q@umich.edu,Male,83.143.131.232
172,Rod,Rudkin,rrudkin4r@tinyurl.com,Male,12.56.164.238
173,Pascal,Woodroof,pwoodroof4s@unblog.fr,Male,22.27.57.105
174,Candide,Danielsohn,cdanielsohn4t@hostgator.com,Female,5.179.129.120
175,Deva,Jelf,djelf4u@ustream.tv,Female,219.251.156.27
176,Katheryn,Balaam,kbalaam4v@buzzfeed.com,Female,43.88.25.180
177,Brittney,Pickance,bpickance4w@amazon.de,Female,63.196.222.163
178,Danya,Leeds,dleeds4x@discovery.com,Genderqueer,7.204.217.27
179,Lowe,Delete,ldelete4y@berkeley.edu,Male,32.232.253.61
180,Loralyn,Gepheart,lgepheart4z@amazonaws.com,Female,88.223.133.119
181,Lindsy,Docker,ldocker50@google.nl,Polygender,224.1.219.197
182,Angel,Shilton,ashilton51@surveymonkey.com,Female,109.252.67.94
183,Farr,Largan,flargan52@mayoclinic.com,Male,245.180.138.73
184,Lianne,Spreull,lspreull53@usa.gov,Female,249.61.188.33
185,Karia,Bartolic,kbartolic54@last.fm,Female,71.102.63.87
186,Pier,Rosa,prosa55@edublogs.org,Female,231.13.147.19
187,Mathias,Gammill,mgammill56@soundcloud.com,Bigender,152.149.23.219
188,Alexine,Lidgerton,alidgerton57@yale.edu,Female,24.200.180.17
189,Madelene,Hallitt,mhallitt58@msn.com,Female,110.175.147.223
190,Isiahi,Alleyne,ialleyne59@bigcartel.com,Male,155.0.112.122
191,Margalit,Stiles,mstiles5a@scientificamerican.com,Female,191.242.105.44
192,Tandi,Lalonde,tlalonde5b@purevolume.com,Female,134.181.254.227
193,Kurtis,Bannister,kbannister5c@icq.com,Male,112.158.26.3
194,Cleveland,Kayley,ckayley5d@opensource.org,Bigender,172.37.16.39
195,Raymond,Blackborow,rblackborow5e@wisc.edu,Male,152.203.15.26
196,Anne,Sture,asture5f@alibaba.com,Female,73.27.37.175
197,Abra,Ferrandez,aferrandez5g@vk.com,Female,186.178.196.203
198,Brade,Kenright,bkenright5h@timesonline.co.uk,Male,75.85.23.14
199,Luke,Southon,lsouthon5i@home.pl,Male,134.65.3.226
200,Irving,Ewebank,iewebank5j@google.ca,Male,58.40.197.200
201,Tallou,Higford,thigford5k@domainmarket.com,Female,128.121.87.141
202,Bili,Paintain,bpaintain5l@yolasite.com,Agender,162.155.174.230
203,Marena,Firpi,mfirpi5m@angelfire.com,Female,191.205.26.29
204,Kessiah,Mattek,kmattek5n@stanford.edu,Genderqueer,90.61.34.199
205,Kyla,Nanninini,knanninini5o@slate.com,Female,239.231.199.112
206,Sherwood,Hewlings,shewlings5p@sohu.com,Agender,104.235.112.161
207,Pegeen,Lowis,plowis5q@uol.com.br,Female,61.5.173.141
208,Ella,Haith,ehaith5r@google.fr,Female,145.63.230.147
209,Merralee,Grishanin,mgrishanin5s@bizjournals.com,Female,254.64.204.124
210,Lauren,Hedman,lhedman5t@imageshack.us,Male,129.236.79.160
211,Corissa,Gwinnett,cgwinnett5u@rediff.com,Female,60.140.140.130
212,Dido,Wilprecht,dwilprecht5v@npr.org,Female,130.130.239.86
213,Benita,Crotty,bcrotty5w@disqus.com,Female,122.202.196.168
214,Gustav,Willman,gwillman5x@about.me,Male,81.218.127.198
215,Court,Loosley,cloosley5y@t.co,Male,36.36.75.22
216,Odette,Venney,ovenney5z@godaddy.com,Female,83.2.61.67
217,Prince,Bunhill,pbunhill60@tmall.com,Male,172.38.156.111
218,Benji,Rump,brump61@home.pl,Male,3.53.154.154
219,Lonni,Bellerby,lbellerby62@parallels.com,Female,150.11.10.73
220,Krystle,Perrone,kperrone63@drupal.org,Female,4.122.165.142
221,Fidelity,Innott,finnott64@reddit.com,Female,21.42.175.54
222,Jan,Mayor,jmayor65@slate.com,Female,2.142.56.147
223,Bent,Henderson,bhenderson66@csmonitor.com,Male,184.206.104.195
224,Gail,Jerrard,gjerrard67@gravatar.com,Male,84.218.112.116
225,Frans,McNeill,fmcneill68@ezinearticles.com,Male,89.242.76.138
226,Peria,Roubeix,proubeix69@tinypic.com,Female,192.83.76.54
227,Claire,Hallan,challan6a@ftc.gov,Male,242.198.127.52
228,Zabrina,Wrathmall,zwrathmall6b@a8.net,Female,231.219.156.148
229,Everard,Luckhurst,eluckhurst6c@wunderground.com,Male,76.45.64.183
230,Merci,Corrison,mcorrison6d@facebook.com,Female,30.180.41.134
231,Josee,Kenrick,jkenrick6e@theguardian.com,Female,108.91.100.29
232,Chet,Remmers,cremmers6f@blogspot.com,Male,149.209.74.7
233,Wade,Sennett,wsennett6g@alexa.com,Male,217.19.107.16
234,Filia,McCarney,fmccarney6h@si.edu,Female,210.137.198.204
235,Vincents,Cadney,vcadney6i@yolasite.com,Male,34.107.32.180
236,Dorine,Dorkins,ddorkins6j@indiatimes.com,Non-binary,38.47.169.20
237,Sosanna,Clissett,sclissett6k@sitemeter.com,Female,173.54.140.70
238,Roderigo,Windeatt,rwindeatt6l@independent.co.uk,Non-binary,222.4.135.89
239,Orbadiah,Tuff,otuff6m@arizona.edu,Male,48.76.170.33
240,Alayne,Fery,afery6n@weebly.com,Female,68.237.214.89
241,Olvan,McGarrie,omcgarrie6o@bloglovin.com,Male,236.147.193.33
242,Marrissa,Saipy,msaipy6p@spotify.com,Bigender,242.51.233.117
243,Klarika,Lilian,klilian6q@icio.us,Female,166.167.41.19
244,Dunc,Cassell,dcassell6r@google.pl,Male,210.185.35.171
245,Yehudi,Dunsmuir,ydunsmuir6s@jalbum.net,Male,224.194.198.93
246,Kiley,Pagon,kpagon6t@unblog.fr,Female,74.215.85.127
247,Allyson,Bougourd,abougourd6u@pagesperso-orange.fr,Female,80.149.72.207
248,Frasquito,Collings,fcollings6v@dion.ne.jp,Male,207.183.76.233
249,Priscella,Buttner,pbuttner6w@auda.org.au,Female,50.79.115.51
250,Malinde,MacPaike,mmacpaike6x@businessinsider.com,Female,165.47.104.117
251,Hermine,Balderstone,hbalderstone6y@omniture.com,Female,16.147.203.210
252,Nev,Degoix,ndegoix6z@issuu.com,Male,41.89.173.92
253,Cammi,Kearn,ckearn70@barnesandnoble.com,Female,137.85.73.253
254,Ashly,Malthus,amalthus71@npr.org,Female,151.157.46.10
255,Gabriela,Lorenzetto,glorenzetto72@hc360.com,Female,122.10.167.246
256,Powell,Bonnefin,pbonnefin73@senate.gov,Male,14.146.1.105
257,Hayyim,Winham,hwinham74@clickbank.net,Male,17.46.16.234
258,Abelard,Duchant,aduchant75@bbc.co.uk,Male,254.177.189.107
259,Rustin,Cahan,rcahan76@gmpg.org,Bigender,20.221.173.33
260,Jo,Conrad,jconrad77@ning.com,Non-binary,167.153.55.61
261,Erhart,Hepher,ehepher78@paypal.com,Male,133.28.183.199
262,Bea,Daudray,bdaudray79@wordpress.org,Female,160.200.97.15
263,Farrand,Windows,fwindows7a@cbsnews.com,Female,224.44.107.155
264,Isac,McEnhill,imcenhill7b@netlog.com,Male,167.90.148.67
265,Ivor,Filon,ifilon7c@youtube.com,Male,65.246.22.255
266,Flori,Cettell,fcettell7d@furl.net,Female,1.71.224.90
267,Lorinda,Tarrant,ltarrant7e@weebly.com,Female,119.102.7.150
268,Maurice,Anselmi,manselmi7f@blogspot.com,Male,56.25.65.250
269,Vikky,Jimson,vjimson7g@yellowbook.com,Female,63.13.95.47
270,Duncan,Maltby,dmaltby7h@gizmodo.com,Male,253.176.99.16
271,Duffie,Gercke,dgercke7i@java.com,Male,217.223.166.81
272,Arny,Hanhardt,ahanhardt7j@mayoclinic.com,Male,229.106.188.145
273,Baxter,Pimm,bpimm7k@github.io,Male,239.68.160.153
274,Godart,Leguay,gleguay7l@wordpress.org,Male,208.117.119.164
275,Norby,Mountlow,nmountlow7m@cnet.com,Male,245.48.182.162
276,Elisa,Gouldstone,egouldstone7n@yale.edu,Female,215.174.105.45
277,Arabelle,Gowrie,agowrie7o@newyorker.com,Female,189.48.145.193
278,Matelda,Mossop,mmossop7p@bbc.co.uk,Female,197.90.253.198
279,Dolli,Lambourne,dlambourne7q@amazonaws.com,Female,10.106.71.149
280,Derward,Ransom,dransom7r@google.nl,Male,35.140.150.251
281,Bancroft,Gieraths,bgieraths7s@pcworld.com,Male,141.46.157.112
282,Florinda,Bagenal,fbagenal7t@infoseek.co.jp,Genderqueer,83.67.55.60
283,Lambert,De Simone,ldesimone7u@google.co.jp,Male,188.212.38.220
284,Shaun,Elsip,selsip7v@msu.edu,Male,107.32.98.209
285,Brooke,Toghill,btoghill7w@pen.io,Female,92.96.109.23
286,Rubie,Croxall,rcroxall7x@wordpress.org,Female,16.57.16.219
287,Glyn,Popeley,gpopeley7y@ning.com,Male,17.206.30.123
288,Mallorie,Maile,mmaile7z@flavors.me,Female,214.116.249.215
289,Jany,Shadwick,jshadwick80@imgur.com,Female,142.117.2.138
290,Erma,Hestrop,ehestrop81@meetup.com,Polygender,208.96.126.237
291,Arlen,Zmitrichenko,azmitrichenko82@ovh.net,Male,246.214.76.107
292,Jeramie,Deery,jdeery83@csmonitor.com,Male,14.240.218.72
293,Pennie,Wisham,pwisham84@example.com,Male,186.36.55.16
294,Harriett,Philp,hphilp85@upenn.edu,Female,225.244.229.51
295,Dario,Peat,dpeat86@msu.edu,Male,100.90.22.131
296,Kristy,Elias,kelias87@dagondesign.com,Female,248.93.249.177
297,Gawen,Briscow,gbriscow88@hexun.com,Male,165.104.130.121
298,Tandie,Ottery,tottery89@posterous.com,Female,109.163.86.197
299,Zahara,Prowting,zprowting8a@wisc.edu,Female,153.18.232.145
300,Sandi,Ourtic,sourtic8b@typepad.com,Female,198.148.187.23
301,Deeanne,Jeannot,djeannot8c@patch.com,Female,89.77.145.38
302,Wyndham,Trood,wtrood8d@i2i.jp,Male,94.116.130.112
303,Roselia,Rawood,rrawood8e@dmoz.org,Polygender,183.27.38.198
304,Elsworth,Gaskal,egaskal8f@cyberchimps.com,Male,188.229.183.247
305,Elka,Grabban,egrabban8g@geocities.com,Female,41.13.119.92
306,Neal,Ugolini,nugolini8h@marketwatch.com,Male,138.147.6.235
307,Daisie,Crumpton,dcrumpton8i@spotify.com,Female,47.160.45.65
308,Kerrin,Statter,kstatter8j@google.fr,Non-binary,25.244.60.5
309,Jeanelle,Barlace,jbarlace8k@microsoft.com,Female,220.245.228.22
310,Phineas,Heningam,pheningam8l@webmd.com,Male,171.240.228.43
311,Valma,Rocks,vrocks8m@utexas.edu,Female,3.238.185.213
312,Yoshi,Shoebridge,yshoebridge8n@fastcompany.com,Female,173.149.223.132
313,Hogan,Vautin,hvautin8o@ehow.com,Male,203.212.104.8
314,Willem,Blayd,wblayd8p@weibo.com,Male,221.218.85.0
315,Whitaker,Monro,wmonro8q@eepurl.com,Male,137.193.240.69
316,Graham,Kinloch,gkinloch8r@yahoo.com,Male,53.187.11.167
317,Alix,Normanton,anormanton8s@vk.com,Male,113.78.213.245
318,Corette,Mogg,cmogg8t@smh.com.au,Female,1.8.10.167
319,Roderich,Dessant,rdessant8u@seesaa.net,Male,80.136.186.22
320,Justin,Lupton,jlupton8v@mac.com,Male,150.209.182.207
321,Roderic,Partington,rpartington8w@ucoz.ru,Male,95.26.188.181
322,Vivi,Keightley,vkeightley8x@ocn.ne.jp,Female,56.226.102.0
323,Bordie,Duckworth,bduckworth8y@nyu.edu,Male,46.36.84.207
324,Alric,Briand,abriand8z@baidu.com,Male,30.251.251.37
325,Gerhard,Fearnehough,gfearnehough90@ibm.com,Male,161.196.63.144
326,Christye,Blemings,cblemings91@feedburner.com,Female,48.167.141.7
327,Kurt,Berendsen,kberendsen92@w3.org,Male,125.130.121.35
328,Vladamir,Michelle,vmichelle93@geocities.jp,Male,89.115.29.135
329,Roxine,Bevar,rbevar94@census.gov,Female,95.99.33.116
330,Hally,Dominey,hdominey95@cornell.edu,Female,88.113.208.14
331,Jilli,Lemin,jlemin96@live.com,Female,38.113.154.62
332,Rosalind,Casaccio,rcasaccio97@engadget.com,Female,205.57.144.233
333,Eula,Dykas,edykas98@de.vu,Female,200.193.137.7
334,Shel,Beney,sbeney99@ebay.co.uk,Female,207.203.102.212
335,Aurlie,Malmar,amalmar9a@tuttocitta.it,Female,175.248.221.137
336,Stella,Wolfenden,swolfenden9b@example.com,Female,72.152.139.166
337,Suzanne,Worviell,sworviell9c@loc.gov,Female,129.229.103.69
338,Violante,Reynard,vreynard9d@opensource.org,Female,4.147.171.166
339,Josepha,Spir,jspir9e@ocn.ne.jp,Female,145.236.194.160
340,Torry,O'Cahill,tocahill9f@house.gov,Male,219.50.18.70
341,Milissent,Kingscote,mkingscote9g@npr.org,Female,101.104.177.207
342,Selena,Bennetto,sbennetto9h@cargocollective.com,Female,110.38.151.31
343,Brandtr,Evill,bevill9i@slideshare.net,Male,139.182.217.59
344,Madelle,Hicken,mhicken9j@bloglines.com,Agender,154.42.164.222
345,Ursula,Aughton,uaughton9k@slashdot.org,Female,16.113.23.173
346,Harris,Crumb,hcrumb9l@fc2.com,Male,23.9.103.203
347,Bambie,Kenward,bkenward9m@yellowbook.com,Female,67.1.194.77
348,Mauricio,Chessel,mchessel9n@toplist.cz,Male,13.143.5.191
349,Gwenette,Sackur,gsackur9o@admin.ch,Female,246.121.107.65
350,Kimmie,Reymers,kreymers9p@goo.gl,Female,77.114.130.152
351,Miner,Cessford,mcessford9q@upenn.edu,Male,31.114.136.142
352,Pen,Smeath,psmeath9r@engadget.com,Male,4.44.146.247
353,Wendy,Fruen,wfruen9s@icio.us,Female,2.17.57.93
354,Wright,Semerad,wsemerad9t@newsvine.com,Male,103.116.187.54
355,Correy,Sandiford,csandiford9u@nasa.gov,Female,30.177.63.139
356,Caddric,Szymanzyk,cszymanzyk9v@forbes.com,Male,81.196.144.168
357,Camille,Cotelard,ccotelard9w@github.io,Non-binary,66.88.40.249
358,Winslow,MacCook,wmaccook9x@de.vu,Male,255.2.10.15
359,Rocky,Barti,rbarti9y@drupal.org,Male,239.23.229.80
360,Harvey,Moreton,hmoreton9z@alibaba.com,Male,120.25.172.34
361,Tucky,Cheney,tcheneya0@w3.org,Bigender,102.85.122.51
362,Hasheem,Twells,htwellsa1@unc.edu,Male,25.244.50.58
363,Gustaf,Carrier,gcarriera2@comsenz.com,Male,167.243.179.118
364,Benedict,Shury,bshurya3@reuters.com,Male,176.32.246.13
365,Roscoe,Duddell,rduddella4@wp.com,Male,17.149.152.63
366,Holli,Garbar,hgarbara5@stanford.edu,Female,50.197.60.201
367,Minny,Orpen,morpena6@sina.com.cn,Female,164.223.164.114
368,Michele,Wyper,mwypera7@e-recht24.de,Female,223.214.246.1
369,Katherina,Gronowe,kgronowea8@mozilla.org,Female,252.152.6.238
370,Mateo,Crankhorn,mcrankhorna9@mayoclinic.com,Male,117.7.32.0
371,Raphael,Luchetti,rluchettiaa@economist.com,Polygender,14.0.82.185
372,Joana,Wallbridge,jwallbridgeab@who.int,Agender,178.80.20.62
373,Vanya,Tripon,vtriponac@quantcast.com,Male,166.10.189.96
374,Crin,Cheng,cchengad@wordpress.com,Female,253.118.221.191
375,Esmaria,Fontenot,efontenotae@nationalgeographic.com,Female,165.3.87.65
376,Yancey,Pauly,ypaulyaf@forbes.com,Male,201.5.209.67
377,Lacee,Hakonsen,lhakonsenag@cbc.ca,Female,79.164.89.197
378,Yetty,Lowres,ylowresah@abc.net.au,Agender,98.204.91.180
379,Jade,Petrovic,jpetrovicai@ucoz.ru,Female,112.145.142.72
380,Cathee,Evetts,cevettsaj@ameblo.jp,Female,153.122.157.99
381,Caria,Rock,crockak@pagesperso-orange.fr,Female,112.154.255.168
382,Sarette,Skrines,sskrinesal@w3.org,Female,241.204.90.43
383,Mariska,Quarrington,mquarringtonam@skype.com,Female,143.222.33.149
384,Darn,Decourt,ddecourtan@cnn.com,Male,248.28.251.93
385,Christoforo,Edmondson,cedmondsonao@hubpages.com,Male,48.68.14.233
386,Harlie,Aberhart,haberhartap@ca.gov,Female,159.93.66.190
387,Whitby,Crankhorn,wcrankhornaq@youtube.com,Male,122.220.47.64
388,Misti,Shillabear,mshillabearar@amazon.com,Female,112.214.30.109
389,Mellisa,Kahn,mkahnas@gmpg.org,Female,156.235.87.196
390,Keelia,Zanolli,kzanolliat@hatena.ne.jp,Genderqueer,127.222.232.249
391,Carce,Allwell,callwellau@prnewswire.com,Male,221.38.62.155
392,Lane,McCoveney,lmccoveneyav@1und1.de,Genderqueer,92.181.179.227
393,Ellwood,Buckles,ebucklesaw@ebay.co.uk,Male,142.37.146.102
394,Vina,Whyborn,vwhybornax@google.co.uk,Female,226.60.140.200
395,Erda,Pringer,epringeray@360.cn,Female,71.11.85.151
396,Brandy,Hinze,bhinzeaz@ucla.edu,Male,166.248.52.66
397,Shauna,Sambrok,ssambrokb0@sfgate.com,Female,46.223.207.150
398,Chev,Barcke,cbarckeb1@list-manage.com,Male,1.3.77.61
399,Spencer,Cescoti,scescotib2@issuu.com,Male,228.119.40.120
400,Peri,Goburn,pgoburnb3@disqus.com,Female,233.142.227.195
401,Francisco,Pittman,fpittmanb4@posterous.com,Male,2.110.119.106
402,Wolfie,Toxell,wtoxellb5@state.gov,Male,80.177.193.208
403,Dalila,Crigin,dcriginb6@rambler.ru,Female,170.180.130.162
404,Prescott,Greedy,pgreedyb7@unicef.org,Male,113.1.133.50
405,Linn,Schops,lschopsb8@nyu.edu,Female,173.158.149.74
406,Max,Scarasbrick,mscarasbrickb9@storify.com,Female,230.223.183.234
407,Travis,Ogg,toggba@t-online.de,Male,175.92.36.59
408,Bear,Gellion,bgellionbb@sbwire.com,Male,149.223.197.174
409,Nancy,Readman,nreadmanbc@latimes.com,Female,127.69.94.171
410,Penny,Aspinall,paspinallbd@issuu.com,Male,61.204.159.15
411,Arabele,Blackadder,ablackadderbe@multiply.com,Female,168.134.76.215
412,Egor,Beadles,ebeadlesbf@google.co.jp,Male,69.199.43.15
413,Jeane,Canero,jcanerobg@tripadvisor.com,Female,10.176.131.80
414,Krystal,Steljes,ksteljesbh@t-online.de,Female,174.210.159.155
415,Errol,Lote,elotebi@plala.or.jp,Male,17.200.198.58
416,Fleming,Allonby,fallonbybj@hibu.com,Male,156.88.221.217
417,Alene,Reiling,areilingbk@dmoz.org,Female,180.203.120.224
418,Eustace,Shoubridge,eshoubridgebl@seesaa.net,Genderqueer,66.102.26.142
419,Gordon,Orwin,gorwinbm@ucoz.com,Male,117.155.183.186
420,Monro,Paolucci,mpaoluccibn@barnesandnoble.com,Male,179.204.182.50
421,Griswold,Keppie,gkeppiebo@deliciousdays.com,Male,240.247.176.208
422,Wren,Deaconson,wdeaconsonbp@amazon.de,Female,183.131.29.17
423,Tedman,Sictornes,tsictornesbq@is.gd,Male,79.234.203.79
424,Nelia,Evanson,nevansonbr@creativecommons.org,Female,153.50.252.132
425,Yanaton,McDermott,ymcdermottbs@jugem.jp,Male,54.53.112.85
426,Lucina,Ledeker,lledekerbt@weather.com,Female,210.221.156.251
427,Gardener,Butchard,gbutchardbu@businesswire.com,Male,187.250.98.37
428,Misty,Whittlesea,mwhittleseabv@tamu.edu,Female,230.54.218.160
429,Batholomew,Leer,bleerbw@un.org,Male,117.11.229.196
430,Henrik,Logsdale,hlogsdalebx@pcworld.com,Male,52.5.167.128
431,Joli,Jaquet,jjaquetby@wiley.com,Female,248.64.28.45
432,Josiah,Fine,jfinebz@a8.net,Male,28.58.203.140
433,Brittan,Fawkes,bfawkesc0@nasa.gov,Female,158.44.27.81
434,Florence,Emmett,femmettc1@infoseek.co.jp,Female,193.161.170.139
435,Karyl,MacCoveney,kmaccoveneyc2@wisc.edu,Female,67.51.4.193
436,Ivan,Hauck,ihauckc3@e-recht24.de,Male,27.30.159.201
437,Anastasie,Rymill,arymillc4@state.gov,Female,38.127.89.161
438,Verne,Davidman,vdavidmanc5@unesco.org,Male,8.192.220.185
439,Chase,Boothman,cboothmanc6@goo.gl,Male,79.179.103.32
440,Kiersten,Roizn,kroiznc7@networkadvertising.org,Female,75.227.106.231
441,Antonio,Sankey,asankeyc8@ca.gov,Male,77.105.26.11
442,Donielle,Hollingdale,dhollingdalec9@ehow.com,Female,123.208.176.180
443,Vitia,Arnholz,varnholzca@flavors.me,Female,50.97.51.225
444,Diana,Pettett,dpettettcb@hostgator.com,Female,156.152.175.182
445,Berkley,Stranahan,bstranahancc@loc.gov,Bigender,223.195.228.19
446,Winfred,Costelloe,wcostelloecd@un.org,Male,197.218.152.133
447,Row,Philipps,rphilippsce@google.com,Female,40.62.237.30
448,Marilyn,Mordaunt,mmordauntcf@ning.com,Female,216.111.173.120
449,Vaughan,Dunleavy,vdunleavycg@gov.uk,Male,176.19.149.128
450,Sharyl,Gwilym,sgwilymch@gizmodo.com,Female,48.162.150.91
451,Farand,Mathissen,fmathissenci@washington.edu,Agender,92.221.97.42
452,Neale,Rabl,nrablcj@cbslocal.com,Male,60.68.108.160
453,Erek,Borges,eborgesck@odnoklassniki.ru,Male,249.16.159.32
454,Grant,Laurencot,glaurencotcl@nhs.uk,Male,191.217.134.223
455,Royall,Pumfrey,rpumfreycm@usda.gov,Male,175.72.232.160
456,Harmonia,Tante,htantecn@dell.com,Female,18.58.14.149
457,Anna-diane,Fernihough,afernihoughco@bravesites.com,Female,14.239.42.234
458,Brita,Luxen,bluxencp@goo.gl,Female,97.114.117.37
459,Angelique,Tummons,atummonscq@e-recht24.de,Agender,11.167.226.200
460,Debi,Bownas,dbownascr@buzzfeed.com,Female,117.86.188.13
461,Tobias,Druce,tdrucecs@nsw.gov.au,Male,21.14.227.119
462,Aleta,Blakemore,ablakemorect@t-online.de,Female,198.4.222.237
463,Maurie,St Louis,mstlouiscu@blogspot.com,Male,129.216.106.92
464,Dyanne,Langhor,dlanghorcv@rediff.com,Female,83.88.55.161
465,Eryn,Freen,efreencw@lulu.com,Female,118.251.83.129
466,Norina,Raun,nrauncx@freewebs.com,Female,246.20.202.41
467,Bary,Dureden,bduredency@hubpages.com,Male,236.145.167.46
468,Ginelle,Bromont,gbromontcz@paypal.com,Female,217.224.216.24
469,Whitby,Sivyour,wsivyourd0@bing.com,Male,104.236.100.72
470,Deborah,Bakesef,dbakesefd1@cdbaby.com,Female,2.3.201.68
471,Valentine,Dominik,vdominikd2@blog.com,Male,181.167.51.157
472,Raimondo,Devinn,rdevinnd3@biblegateway.com,Male,104.161.70.170
473,Crystal,Rodgers,crodgersd4@mail.ru,Female,192.62.165.10
474,Cam,Coche,ccoched5@bigcartel.com,Female,76.30.95.29
475,Allin,Stollwerck,astollwerckd6@cargocollective.com,Male,135.160.235.21
476,Buddie,Andreoletti,bandreolettid7@va.gov,Male,247.182.157.38
477,Jenna,Louche,jlouched8@wix.com,Female,70.128.226.138
478,Derry,Scholl,dscholld9@go.com,Male,36.209.223.62
479,Jermayne,Tookill,jtookillda@smh.com.au,Male,224.17.51.227
480,Philippe,Collumbell,pcollumbelldb@furl.net,Female,202.144.99.72
481,Arda,Barton,abartondc@ucoz.ru,Female,76.170.90.29
482,Reinhold,Dengel,rdengeldd@1und1.de,Male,140.163.183.53
483,Cynthie,Joanic,cjoanicde@google.cn,Female,76.107.117.80
484,Rikki,Youell,ryouelldf@a8.net,Male,103.213.83.106
485,Anatole,Elsby,aelsbydg@apache.org,Male,172.112.10.191
486,Martainn,Prosch,mproschdh@dmoz.org,Male,148.123.17.130
487,Onida,Uff,ouffdi@surveymonkey.com,Female,198.31.220.45
488,Papagena,Furze,pfurzedj@over-blog.com,Female,231.240.93.20
489,Linnie,McCathy,lmccathydk@globo.com,Female,47.48.140.191
490,Catina,Vlasenkov,cvlasenkovdl@netscape.com,Female,72.87.106.161
491,Mickie,Carrane,mcarranedm@geocities.com,Male,226.28.64.251
492,Tilly,Antonchik,tantonchikdn@linkedin.com,Female,68.132.160.187
493,Fran,Kilian,fkiliando@tumblr.com,Male,180.11.20.222
494,Riannon,Cheetham,rcheethamdp@4shared.com,Female,182.254.148.154
495,Loralie,Renvoise,lrenvoisedq@bing.com,Female,87.110.70.216
496,Cora,Hulme,chulmedr@bbc.co.uk,Female,156.183.78.38
497,Hendrick,Tarling,htarlingds@surveymonkey.com,Male,246.116.145.237
498,Fabien,Jachimiak,fjachimiakdt@squidoo.com,Male,90.90.203.201
499,Cyrus,Wigfield,cwigfielddu@washington.edu,Male,97.253.219.18
500,Olympia,Bengtson,obengtsondv@dedecms.com,Polygender,109.59.112.195
501,Brenn,Zapatero,bzapaterodw@smugmug.com,Non-binary,108.82.226.90
502,Clemmy,Lynskey,clynskeydx@miitbeian.gov.cn,Female,110.106.109.95
503,Brnaba,Sterndale,bsterndaledy@nps.gov,Male,187.186.248.172
504,Cyndie,Godar,cgodardz@jugem.jp,Female,117.23.11.23
505,Kip,Gisbourn,kgisbourne0@bluehost.com,Male,247.93.71.220
506,Teriann,Ethridge,tethridgee1@symantec.com,Genderfluid,9.11.183.71
507,Felipe,Bourges,fbourgese2@reddit.com,Male,139.120.209.71
508,Candie,Pridgeon,cpridgeone3@slideshare.net,Female,117.16.100.221
509,Douglas,Maylour,dmayloure4@google.it,Male,7.174.130.227
510,Rosco,Bosquet,rbosquete5@typepad.com,Male,208.64.30.98
511,Peggy,Shovlar,pshovlare6@moonfruit.com,Female,199.36.9.102
512,Whitney,Chinnick,wchinnicke7@i2i.jp,Male,238.56.209.187
513,Halie,Junes,hjunese8@census.gov,Non-binary,81.219.125.149
514,Ogden,Figger,ofiggere9@sitemeter.com,Male,211.0.129.88
515,Sonny,Mainland,smainlandea@studiopress.com,Male,231.123.145.230
516,Gretna,Richie,grichieeb@dmoz.org,Female,23.36.93.87
517,Felicdad,Anchor,fanchorec@devhub.com,Non-binary,118.108.178.128
518,Burtie,Staneland,bstanelanded@pen.io,Male,31.107.130.96
519,Carney,Venus,cvenusee@livejournal.com,Male,14.145.135.2
520,Demetra,Mardoll,dmardollef@gov.uk,Female,246.222.122.98
521,Celeste,Pattington,cpattingtoneg@google.cn,Female,173.208.30.253
522,Ham,Spindler,hspindlereh@live.com,Polygender,52.110.26.99
523,Caryl,Chittey,cchitteyei@aboutads.info,Female,124.211.22.164
524,Mada,Stoltz,mstoltzej@4shared.com,Agender,167.162.92.178
525,Alexei,Mucillo,amucilloek@harvard.edu,Male,83.195.136.116
526,Angelita,Rubery,aruberyel@bing.com,Female,50.247.145.92
527,Renate,Vollam,rvollamem@irs.gov,Genderqueer,107.171.61.248
528,Ewart,Blackwood,eblackwooden@irs.gov,Male,134.40.68.69
529,Aubert,Peyton,apeytoneo@hexun.com,Male,209.20.195.129
530,Jeri,Lindman,jlindmanep@storify.com,Female,125.30.76.178
531,Marney,Paule,mpauleeq@4shared.com,Female,61.36.184.14
532,Maryjo,Ahlf,mahlfer@ed.gov,Female,53.139.242.178
533,Reg,Simoneschi,rsimoneschies@free.fr,Male,183.251.189.205
534,Denise,Besset,dbessetet@bbc.co.uk,Female,213.244.193.100
535,Laney,McDonnell,lmcdonnelleu@va.gov,Male,174.60.229.117
536,Gardner,Caves,gcavesev@paypal.com,Male,163.88.16.243
537,Kerrin,Scading,kscadingew@a8.net,Female,16.124.233.206
538,Lauren,Maureen,lmaureenex@marketwatch.com,Male,160.111.137.182
539,Hetty,Plunket,hplunketey@ed.gov,Female,67.98.147.175
540,Rafaellle,Tilbey,rtilbeyez@hugedomains.com,Male,241.1.91.5
541,Shani,Stimpson,sstimpsonf0@shareasale.com,Female,26.231.30.193
542,Brigitte,Sayer,bsayerf1@symantec.com,Female,100.131.20.123
543,Fonzie,Camamill,fcamamillf2@amazon.de,Male,215.88.40.250
544,Briny,Dugue,bduguef3@scribd.com,Female,52.116.70.61
545,Dewie,Risbridger,drisbridgerf4@usda.gov,Male,54.87.61.255
546,Eal,Barnham,ebarnhamf5@wikimedia.org,Male,251.14.88.115
547,Kelcey,Clissold,kclissoldf6@zimbio.com,Female,247.240.178.188
548,Henka,Pottiphar,hpottipharf7@istockphoto.com,Female,131.174.38.132
549,Dorrie,Duffit,dduffitf8@dion.ne.jp,Female,125.30.218.193
550,Colan,Feasey,cfeaseyf9@a8.net,Male,171.25.191.183
551,Flint,Cortez,fcortezfa@sciencedaily.com,Male,39.65.130.97
552,Jarret,Brunstan,jbrunstanfb@cargocollective.com,Male,180.59.164.4
553,Renaldo,Adamsson,radamssonfc@feedburner.com,Male,60.23.16.38
554,Linoel,Gilliam,lgilliamfd@biglobe.ne.jp,Male,183.205.13.213
555,Hubey,Walwood,hwalwoodfe@twitpic.com,Male,228.241.43.121
556,Ofelia,Stepto,osteptoff@acquirethisname.com,Female,73.198.113.27
557,Eddie,Box,eboxfg@topsy.com,Male,110.14.22.75
558,Salaidh,Mowsley,smowsleyfh@smh.com.au,Female,139.144.233.80
559,Darda,Strowthers,dstrowthersfi@a8.net,Polygender,212.255.154.67
560,Addie,Finneran,afinneranfj@youku.com,Male,166.68.174.0
561,Phedra,Blew,pblewfk@jugem.jp,Female,121.85.162.214
562,Imelda,Lauder,ilauderfl@goodreads.com,Female,133.44.108.233
563,Gwenette,Conelly,gconellyfm@sciencedaily.com,Female,37.220.130.139
564,Gillie,Gaffer,ggafferfn@samsung.com,Agender,141.101.72.85
565,Purcell,Haldene,phaldenefo@constantcontact.com,Non-binary,53.137.204.167
566,Carlynne,Tireman,ctiremanfp@umich.edu,Female,172.117.88.110
567,Kellina,Poschel,kposchelfq@senate.gov,Female,2.173.252.77
568,Taddeusz,Dedon,tdedonfr@prlog.org,Male,51.204.160.179
569,Avery,McGuire,amcguirefs@symantec.com,Male,27.163.9.186
570,Olivia,Clayden,oclaydenft@google.nl,Female,108.23.77.55
571,Vivyanne,Roulston,vroulstonfu@istockphoto.com,Female,201.111.243.235
572,Layne,Flegg,lfleggfv@google.pl,Female,45.56.204.166
573,Carny,Tradewell,ctradewellfw@phpbb.com,Male,171.9.109.89
574,Dav,Simm,dsimmfx@w3.org,Male,105.97.227.190
575,Cloris,Fochs,cfochsfy@cocolog-nifty.com,Genderqueer,20.220.116.37
576,Rosette,Richin,rrichinfz@simplemachines.org,Non-binary,131.129.48.104
577,Trevar,O'Nion,toniong0@mac.com,Male,86.1.48.48
578,Johna,Driscoll,jdriscollg1@histats.com,Female,253.137.1.139
579,Randi,Gromley,rgromleyg2@123-reg.co.uk,Female,42.19.9.255
580,Hewet,Brou,hbroug3@bing.com,Male,182.27.216.14
581,Lyndsey,Greensted,lgreenstedg4@g.co,Female,186.141.252.137
582,Ashli,Hanniger,ahannigerg5@wordpress.com,Female,130.51.129.183
583,Rachelle,Offill,roffillg6@rambler.ru,Female,215.192.177.239
584,Colleen,Cassin,ccassing7@comsenz.com,Female,182.162.219.158
585,Jeana,Brunner,jbrunnerg8@mtv.com,Female,204.235.43.241
586,Cyril,Stinchcombe,cstinchcombeg9@sohu.com,Male,233.96.61.204
587,Butch,Spence,bspencega@networkadvertising.org,Genderqueer,208.53.80.133
588,Biddie,Kingsly,bkingslygb@bbb.org,Female,63.0.85.0
589,Laurella,Harte,lhartegc@eepurl.com,Female,8.157.31.2
590,Gard,Methven,gmethvengd@auda.org.au,Male,41.13.234.36
591,Homerus,Wiggett,hwiggettge@plala.or.jp,Male,150.213.101.183
592,Tatiana,Fenck,tfenckgf@prweb.com,Female,163.0.91.42
593,Catriona,Budgeon,cbudgeongg@macromedia.com,Female,189.68.234.198
594,Vilma,Sewill,vsewillgh@baidu.com,Female,170.43.213.8
595,Laurent,Gaine of England,lgaineofenglandgi@moonfruit.com,Male,24.1.48.73
596,Wit,Bresnen,wbresnengj@seattletimes.com,Genderfluid,186.5.85.237
597,Betsey,Bruinemann,bbruinemanngk@bbc.co.uk,Non-binary,253.178.76.111
598,Jase,Murch,jmurchgl@bing.com,Male,156.64.186.207
599,Tally,Toffoletto,ttoffolettogm@seattletimes.com,Male,162.148.210.231
600,Raynor,Murfin,rmurfingn@amazon.com,Male,37.6.102.172
601,Kellen,Kender,kkendergo@about.com,Male,77.1.113.27
602,Lauralee,Goldstone,lgoldstonegp@netscape.com,Female,129.1.208.188
603,Onofredo,Alelsandrowicz,oalelsandrowiczgq@rakuten.co.jp,Male,1.27.24.226
604,Elwira,Whellams,ewhellamsgr@bandcamp.com,Female,87.21.185.6
605,Liliane,Zoephel,lzoephelgs@e-recht24.de,Female,76.52.229.244
606,Fonz,Passey,fpasseygt@bravesites.com,Male,109.115.32.252
607,Cobb,Pragnell,cpragnellgu@naver.com,Male,242.232.11.25
608,Crysta,Matson,cmatsongv@netlog.com,Female,185.173.59.229
609,Clemente,Farmer,cfarmergw@trellian.com,Non-binary,207.127.164.221
610,Aundrea,Eighteen,aeighteengx@rediff.com,Female,228.255.54.93
611,Glory,David,gdavidgy@nbcnews.com,Female,11.145.15.101
612,Alexi,Robrow,arobrowgz@marriott.com,Female,5.33.151.237
613,Zandra,Briscow,zbriscowh0@ameblo.jp,Female,135.47.87.241
614,Vinnie,Irvin,virvinh1@php.net,Male,158.209.163.248
615,Emmery,Phuprate,ephuprateh2@jimdo.com,Male,126.69.23.255
616,Oralle,Hyatt,ohyatth3@ed.gov,Female,207.153.88.31
617,Antonina,Meakin,ameakinh4@amazon.co.uk,Female,200.34.167.56
618,Arlene,Schwieso,aschwiesoh5@ibm.com,Female,142.125.23.245
619,Darcey,Danilevich,ddanilevichh6@goodreads.com,Female,50.2.91.226
620,Quinton,Kitteman,qkittemanh7@github.io,Non-binary,158.159.48.122
621,Maxie,Retallack,mretallackh8@time.com,Female,209.127.90.61
622,Logan,Da Costa,ldacostah9@mtv.com,Non-binary,127.109.138.198
623,Idalina,Dake,idakeha@elegantthemes.com,Female,10.63.47.179
624,Caitlin,Bloxsom,cbloxsomhb@1688.com,Female,76.118.101.93
625,Tuckie,Bagby,tbagbyhc@bbc.co.uk,Male,32.169.112.152
626,Sioux,Rizzardini,srizzardinihd@furl.net,Female,32.21.90.145
627,Nevsa,Joskovitch,njoskovitchhe@imageshack.us,Female,1.245.11.128
628,Kaitlin,Toke,ktokehf@dailymotion.com,Female,229.154.145.53
629,Natala,Iacobo,niacobohg@ow.ly,Female,171.87.159.186
630,Bartholemy,Courtese,bcourtesehh@alexa.com,Male,0.205.229.43
631,Alejandra,Beneyto,abeneytohi@vimeo.com,Female,13.25.110.214
632,Curran,Prestner,cprestnerhj@bloomberg.com,Male,126.167.71.153
633,Keefer,Brogan,kbroganhk@instagram.com,Male,97.99.96.171
634,Doralynn,Schustl,dschustlhl@odnoklassniki.ru,Female,215.51.201.42
635,Herby,Sowle,hsowlehm@a8.net,Male,99.69.30.38
636,Neda,Crilly,ncrillyhn@meetup.com,Bigender,174.200.110.27
637,Camilla,Toretta,ctorettaho@github.com,Female,247.162.216.95
638,Mathias,Sandcroft,msandcrofthp@blogs.com,Male,139.177.50.0
639,Ervin,Schreiner,eschreinerhq@360.cn,Male,154.199.111.6
640,Jaquenette,Wartnaby,jwartnabyhr@ifeng.com,Female,90.77.38.4
641,Loretta,Hasell,lhasellhs@bandcamp.com,Bigender,129.145.128.77
642,Valry,Richardet,vrichardetht@jalbum.net,Female,248.131.24.44
643,Sisile,Moir,smoirhu@illinois.edu,Female,97.240.57.252
644,Vincenty,Fildes,vfildeshv@icq.com,Male,94.29.154.213
645,Elsbeth,Barnardo,ebarnardohw@admin.ch,Female,88.157.71.255
646,Wallis,Kerry,wkerryhx@pinterest.com,Male,250.182.105.168
647,Mikaela,Geeraert,mgeeraerthy@addtoany.com,Female,14.19.168.189
648,Arni,Hardage,ahardagehz@topsy.com,Male,229.198.254.89
649,Jaclyn,Keems,jkeemsi0@bizjournals.com,Female,222.243.70.117
650,Melita,Harries,mharriesi1@china.com.cn,Female,207.171.246.127
651,Debbi,Gomes,dgomesi2@archive.org,Female,47.204.182.131
652,Denny,Huguet,dhugueti3@google.cn,Male,180.168.228.209
653,Miguelita,Nugent,mnugenti4@issuu.com,Female,188.121.170.124
654,Allan,Klempke,aklempkei5@phpbb.com,Male,107.170.2.122
655,Arabella,Fishley,afishleyi6@netvibes.com,Female,245.106.213.51
656,Alon,While,awhilei7@addtoany.com,Male,27.205.46.123
657,Louise,Vasnev,lvasnevi8@mozilla.org,Female,60.34.36.247
658,Hubie,Dulling,hdullingi9@liveinternet.ru,Male,234.145.16.104
659,Hildegarde,Houlston,hhoulstonia@list-manage.com,Female,30.229.91.90
660,Ethe,Ramstead,eramsteadib@over-blog.com,Male,84.142.15.82
661,Margaret,Meadows,mmeadowsic@macromedia.com,Female,122.161.173.136
662,Del,Moye,dmoyeid@homestead.com,Female,133.85.4.39
663,Burty,Goodyer,bgoodyerie@bluehost.com,Male,77.66.243.37
664,Aloysius,Martineau,amartineauif@nbcnews.com,Male,74.11.240.111
665,Aldo,Possell,apossellig@arizona.edu,Genderfluid,27.204.73.70
666,Molly,Studeart,mstudeartih@360.cn,Female,5.65.148.162
667,Hans,Haspineall,hhaspineallii@miibeian.gov.cn,Male,62.152.115.198
668,Robbie,Casewell,rcasewellij@dot.gov,Male,24.120.127.153
669,Yvonne,Egel,yegelik@tuttocitta.it,Female,120.182.87.203
670,Roselia,Greenrod,rgreenrodil@apache.org,Female,36.170.40.55
671,Leodora,Voyce,lvoyceim@taobao.com,Genderfluid,125.85.207.63
672,Inglebert,Siemandl,isiemandlin@hexun.com,Male,52.164.7.161
673,Audrey,Blaes,ablaesio@furl.net,Female,198.57.51.147
674,Rosabel,Dust,rdustip@biglobe.ne.jp,Female,225.140.127.5
675,Corty,Karlicek,ckarlicekiq@forbes.com,Male,229.10.238.133
676,Glyn,Mees,gmeesir@webeden.co.uk,Male,175.161.13.112
677,Bronson,Hoggins,bhogginsis@ebay.co.uk,Male,241.25.52.65
678,Merrielle,Hodgen,mhodgenit@ca.gov,Agender,114.73.19.95
679,Yasmin,Stealfox,ystealfoxiu@clickbank.net,Female,103.224.250.190
680,Sarah,Poon,spooniv@berkeley.edu,Female,120.226.217.27
681,Neil,Clohisey,nclohiseyiw@w3.org,Male,52.197.14.68
682,Brose,Monk,bmonkix@webs.com,Male,1.204.189.28
683,Gun,Whitcomb,gwhitcombiy@bravesites.com,Male,114.98.221.131
684,King,Abbott,kabbottiz@mashable.com,Genderfluid,131.209.63.66
685,Tammy,Quarry,tquarryj0@ezinearticles.com,Male,8.251.143.228
686,Miranda,Dolbey,mdolbeyj1@livejournal.com,Female,185.117.22.74
687,Miltie,Cumberbatch,mcumberbatchj2@comcast.net,Male,44.9.173.215
688,Vernen,Eble,veblej3@imgur.com,Male,116.148.141.76
689,Jannelle,Osgardby,josgardbyj4@shareasale.com,Female,58.144.246.153
690,Damita,Pastor,dpastorj5@photobucket.com,Female,122.229.104.4
691,Bogey,Butlin,bbutlinj6@aboutads.info,Male,16.21.89.192
692,Tallie,Elcoate,telcoatej7@multiply.com,Male,219.104.116.82
693,Mendie,Erbe,merbej8@4shared.com,Male,70.77.205.19
694,Hortense,Jovovic,hjovovicj9@lycos.com,Female,252.24.191.5
695,Hadrian,Spatari,hspatarija@mozilla.com,Male,140.9.250.75
696,Alexei,Kulis,akulisjb@histats.com,Genderqueer,120.235.59.83
697,Leora,Lean,lleanjc@google.ca,Female,68.168.199.8
698,Ring,Kief,rkiefjd@yandex.ru,Male,80.3.242.66
699,Stormi,Vamplers,svamplersje@state.gov,Female,90.170.8.11
700,Emmet,Litster,elitsterjf@businessinsider.com,Male,241.119.15.194
701,Constance,Munkley,cmunkleyjg@state.gov,Female,142.158.5.27
702,Rich,Grigoire,rgrigoirejh@e-recht24.de,Male,149.185.240.199
703,Jada,Vaneev,jvaneevji@ibm.com,Female,193.75.22.205
704,Feliks,Lightoller,flightollerjj@elpais.com,Male,190.246.42.15
705,Casey,Jenteau,cjenteaujk@earthlink.net,Male,229.251.1.5
706,Piggy,Yurinov,pyurinovjl@wix.com,Male,187.242.131.197
707,Ashly,Peschka,apeschkajm@discovery.com,Female,139.135.77.90
708,Loleta,Goulston,lgoulstonjn@nasa.gov,Female,80.118.196.35
709,Early,Feldberg,efeldbergjo@cyberchimps.com,Male,102.253.220.221
710,Stephan,Dennett,sdennettjp@stumbleupon.com,Male,87.116.180.125
711,Abbott,Potapczuk,apotapczukjq@skyrock.com,Male,115.130.185.21
712,Cara,Mullender,cmullenderjr@hugedomains.com,Female,99.173.164.201
713,Ollie,Logue,ologuejs@telegraph.co.uk,Female,71.8.33.239
714,Ethelyn,Renard,erenardjt@1688.com,Female,77.231.37.6
715,Minny,Chrippes,mchrippesju@smh.com.au,Female,165.161.39.162
716,Jodie,Carlsson,jcarlssonjv@zdnet.com,Female,187.17.98.234
717,Clyve,Lynas,clynasjw@myspace.com,Male,185.189.168.240
718,Alikee,Plumley,aplumleyjx@ifeng.com,Polygender,145.36.140.47
719,Kaleb,Hegerty,khegertyjy@techcrunch.com,Male,8.111.102.183
720,Jelene,Englishby,jenglishbyjz@liveinternet.ru,Female,26.198.179.76
721,Dona,Trafford,dtraffordk0@cnbc.com,Female,185.154.46.72
722,Eveline,Sofe,esofek1@virginia.edu,Female,50.197.92.33
723,Happy,Devo,hdevok2@auda.org.au,Female,74.183.50.197
724,Rooney,Balf,rbalfk3@surveymonkey.com,Male,185.22.14.69
725,Fredericka,Dubery,fduberyk4@mlb.com,Female,21.23.172.169
726,Vikki,Shuttlewood,vshuttlewoodk5@techcrunch.com,Female,58.95.65.62
727,Maxi,Schwartz,mschwartzk6@rakuten.co.jp,Female,71.41.76.30
728,Kayla,Abramowitz,kabramowitzk7@deviantart.com,Female,21.93.200.70
729,Chucho,Matchell,cmatchellk8@go.com,Male,139.86.190.101
730,Ame,Bowra,abowrak9@tumblr.com,Female,254.10.168.88
731,Konstantine,Mazzei,kmazzeika@exblog.jp,Male,82.13.232.136
732,Lorilee,Paumier,lpaumierkb@t-online.de,Genderfluid,201.183.177.64
733,Quincy,Mussotti,qmussottikc@army.mil,Male,16.191.101.225
734,Claire,Cuskery,ccuskerykd@google.it,Female,51.231.228.189
735,Belle,D'Alessandro,bdalessandroke@cnet.com,Female,53.9.45.189
736,Sandor,Tylor,stylorkf@issuu.com,Male,24.109.253.109
737,Brett,Sherrock,bsherrockkg@msu.edu,Genderqueer,111.110.206.212
738,Abdel,Bridges,abridgeskh@washington.edu,Male,58.127.26.27
739,Michelle,Flear,mflearki@chronoengine.com,Female,40.229.171.142
740,Bettye,Jori,bjorikj@pbs.org,Female,246.2.72.24
741,Sherm,Martynov,smartynovkk@chron.com,Male,39.115.250.188
742,Thom,Vardey,tvardeykl@shop-pro.jp,Male,0.230.193.21
743,Nikolaos,Helling,nhellingkm@usgs.gov,Male,88.104.242.158
744,Sylvester,Messenbird,smessenbirdkn@woothemes.com,Male,184.77.195.255
745,Jordana,Haggar,jhaggarko@timesonline.co.uk,Female,202.120.80.123
746,Genvieve,Hellewell,ghellewellkp@globo.com,Female,106.239.233.60
747,Teddie,Chamberlain,tchamberlainkq@jimdo.com,Male,133.248.1.67
748,Lionello,Nozzolinii,lnozzoliniikr@dailymotion.com,Male,72.116.35.183
749,Ev,Izen,eizenks@google.ru,Bigender,234.180.190.100
750,Clayborne,Bootherstone,cbootherstonekt@google.com,Male,14.103.137.117
751,Emmott,Rathmell,erathmellku@geocities.jp,Male,242.154.155.210
752,Ester,Janiak,ejaniakkv@webs.com,Female,183.82.176.159
753,Joshia,Arent,jarentkw@mayoclinic.com,Male,183.198.109.148
754,Charleen,Reolfo,creolfokx@printfriendly.com,Female,35.46.29.251
755,Adeline,De Lorenzo,adelorenzoky@usda.gov,Female,103.76.223.165
756,Kathie,McMenamie,kmcmenamiekz@cbc.ca,Polygender,133.133.104.49
757,Desdemona,Summerell,dsummerelll0@google.com.hk,Female,142.135.199.154
758,Cad,Goodman,cgoodmanl1@epa.gov,Male,145.25.118.180
759,Burty,Benthall,bbenthalll2@tiny.cc,Male,195.62.213.120
760,Meyer,Herion,mherionl3@hhs.gov,Male,105.9.27.233
761,Adrienne,Edwardson,aedwardsonl4@rambler.ru,Female,213.40.4.59
762,Lebbie,Rosenwasser,lrosenwasserl5@rediff.com,Female,221.172.63.11
763,Judye,Hattersley,jhattersleyl6@unblog.fr,Female,105.162.137.220
764,Alaster,Bode,abodel7@twitter.com,Male,206.79.146.191
765,Nobie,Jaggs,njaggsl8@de.vu,Male,147.134.207.57
766,Nial,MacMechan,nmacmechanl9@springer.com,Male,223.108.68.21
767,Alexandrina,Tedstone,atedstonela@skype.com,Female,49.154.29.135
768,Ralf,Losseljong,rlosseljonglb@shinystat.com,Male,155.193.129.39
769,Zorana,Odgers,zodgerslc@umn.edu,Polygender,100.135.58.12
770,Eunice,Melding,emeldingld@mozilla.com,Female,46.48.173.175
771,Simonette,Punter,spunterle@ed.gov,Agender,17.154.185.206
772,Charmane,Jindrich,cjindrichlf@free.fr,Female,151.228.164.53
773,Raffaello,Willmetts,rwillmettslg@com.com,Male,58.148.163.11
774,Chandler,Kidstone,ckidstonelh@rediff.com,Male,255.28.228.172
775,Clarette,Dowrey,cdowreyli@gnu.org,Female,202.56.97.87
776,Whitney,Cianni,wciannilj@ftc.gov,Male,122.105.249.155
777,Brucie,Yantsurev,byantsurevlk@twitpic.com,Genderfluid,156.130.183.51
778,Sadye,Twelve,stwelvell@washington.edu,Female,113.179.180.218
779,Harrison,Swaile,hswailelm@fotki.com,Male,129.137.66.52
780,Herculie,Eggins,hegginsln@cargocollective.com,Male,33.253.202.125
781,Sauveur,Tapner,stapnerlo@icio.us,Genderfluid,55.152.72.102
782,Evangelin,Aronowicz,earonowiczlp@ameblo.jp,Genderfluid,180.91.129.29
783,Shelly,Hawtry,shawtrylq@nifty.com,Genderqueer,11.48.24.200
784,Prescott,Rickett,prickettlr@buzzfeed.com,Male,196.46.251.31
785,Harlie,Borne,hbornels@theguardian.com,Female,207.116.182.68
786,Paulette,Micheu,pmicheult@berkeley.edu,Female,190.162.57.211
787,Merrick,Dibben,mdibbenlu@home.pl,Male,45.126.87.88
788,Hans,Elkin,helkinlv@craigslist.org,Male,97.128.228.217
789,Samson,Sey,sseylw@wix.com,Male,120.112.103.170
790,Ely,Crowne,ecrownelx@creativecommons.org,Male,76.166.127.202
791,Chas,Sandham,csandhamly@fema.gov,Male,5.185.163.240
792,Lambert,Roz,lrozlz@ebay.com,Male,111.159.202.131
793,Ange,Fernyhough,afernyhoughm0@webs.com,Male,139.56.218.176
794,Fiorenze,Nayer,fnayerm1@wired.com,Female,42.64.104.104
795,Ailyn,Turbefield,aturbefieldm2@google.co.uk,Female,142.205.61.172
796,Kelcey,De Ruel,kderuelm3@opensource.org,Female,54.108.58.234
797,Domenic,Baynton,dbayntonm4@buzzfeed.com,Male,108.195.216.145
798,Torrie,Meaton,tmeatonm5@t-online.de,Female,5.179.123.255
799,Griff,Riply,griplym6@samsung.com,Male,179.241.119.189
800,Lucho,Kelle,lkellem7@wikia.com,Male,254.213.19.124
801,Gigi,Clewley,gclewleym8@army.mil,Female,24.127.54.159
802,Carmencita,O'Bradane,cobradanem9@wix.com,Female,145.121.222.189
803,Corella,Ettels,cettelsma@skyrock.com,Female,178.199.181.180
804,Alfie,Gilks,agilksmb@si.edu,Male,199.96.239.65
805,Maryanne,Francescoccio,mfrancescocciomc@soundcloud.com,Female,96.159.188.200
806,Phineas,Sambell,psambellmd@gov.uk,Male,150.125.46.72
807,Ben,Cottey,bcotteyme@dailymail.co.uk,Male,138.215.36.32
808,Levy,Christian,lchristianmf@census.gov,Male,32.69.85.198
809,Avram,Deplacido,adeplacidomg@networkadvertising.org,Male,30.235.132.157
810,Noble,Roussell,nroussellmh@house.gov,Male,85.226.131.88
811,Vivi,Disbury,vdisburymi@opensource.org,Female,215.98.53.63
812,Chris,Bagge,cbaggemj@tmall.com,Non-binary,117.82.134.163
813,Helen-elizabeth,Moorman,hmoormanmk@hatena.ne.jp,Female,21.69.37.91
814,Alverta,Genike,agenikeml@vistaprint.com,Female,80.64.219.177
815,Hendrick,Bourhill,hbourhillmm@fc2.com,Genderqueer,128.187.113.242
816,Anastasia,Higbin,ahigbinmn@netlog.com,Female,55.126.56.70
817,Rock,Ewles,rewlesmo@cnbc.com,Polygender,21.107.2.127
818,Moritz,Heckle,mhecklemp@edublogs.org,Male,255.186.1.179
819,Gustavo,Sissens,gsissensmq@cbsnews.com,Male,54.108.52.245
820,Raine,Crittal,rcrittalmr@nyu.edu,Female,10.143.18.216
821,Lezlie,Sealey,lsealeyms@sciencedirect.com,Female,198.84.59.183
822,Rees,Waldie,rwaldiemt@howstuffworks.com,Genderqueer,83.129.249.142
823,Yolanthe,Blockley,yblockleymu@reference.com,Female,138.173.173.225
824,Kelsi,Benting,kbentingmv@dailymail.co.uk,Female,68.20.223.47
825,Jabez,Binham,jbinhammw@nbcnews.com,Male,219.139.176.203
826,Zacherie,Rowswell,zrowswellmx@scientificamerican.com,Male,237.149.82.139
827,Irvine,McMenamy,imcmenamymy@jalbum.net,Male,9.118.86.41
828,Glendon,Matanin,gmataninmz@si.edu,Non-binary,127.198.162.182
829,Cello,Ciobotaru,cciobotarun0@phpbb.com,Male,37.100.241.252
830,Bernie,Mosdell,bmosdelln1@surveymonkey.com,Male,67.191.176.239
831,Barclay,Tritton,btrittonn2@amazon.de,Male,34.133.175.157
832,Isahella,Pavey,ipaveyn3@elpais.com,Female,218.33.112.186
833,Palmer,Oliphant,poliphantn4@bloglovin.com,Male,159.46.179.10
834,Gideon,Lubbock,glubbockn5@domainmarket.com,Male,179.61.131.21
835,Dael,Diddams,ddiddamsn6@pcworld.com,Male,107.201.253.126
836,Lauralee,Merrisson,lmerrissonn7@123-reg.co.uk,Female,212.152.216.34
837,Karna,Haversham,khavershamn8@walmart.com,Female,231.152.110.55
838,Chantalle,Andor,candorn9@sphinn.com,Female,191.55.82.61
839,Aleda,Towne,atownena@virginia.edu,Female,240.14.180.139
840,Chick,Geri,cgerinb@gizmodo.com,Male,87.237.101.11
841,Laurianne,Westmore,lwestmorenc@wikipedia.org,Female,157.212.67.18
842,Nev,Selbach,nselbachnd@nationalgeographic.com,Male,168.226.109.189
843,Mose,Amery,mameryne@nasa.gov,Male,3.50.19.56
844,Alejandro,Cheson,achesonnf@yolasite.com,Male,140.3.37.216
845,Jeffrey,de Bullion,jdebullionng@addthis.com,Male,70.98.203.193
846,Derril,Sturton,dsturtonnh@hud.gov,Male,184.7.248.197
847,Piggy,Mobley,pmobleyni@dagondesign.com,Male,167.12.130.188
848,Alyss,Toll,atollnj@shareasale.com,Female,41.5.116.115
849,Reyna,Durdy,rdurdynk@photobucket.com,Female,5.139.177.97
850,Virge,Mulvany,vmulvanynl@hatena.ne.jp,Male,129.181.193.94
851,Rita,Onians,roniansnm@blogtalkradio.com,Female,82.105.72.38
852,Tarah,Ricardo,tricardonn@paginegialle.it,Female,50.102.0.241
853,Tyler,Kaszper,tkaszperno@storify.com,Male,0.219.91.240
854,Raff,Kahn,rkahnnp@360.cn,Male,18.222.197.225
855,Cynde,Mahoney,cmahoneynq@aol.com,Female,239.57.92.67
856,Esme,Kibblewhite,ekibblewhitenr@bloomberg.com,Male,10.151.26.183
857,Lindsey,Poppy,lpoppyns@scientificamerican.com,Female,248.20.187.47
858,Vicky,Okill,vokillnt@netlog.com,Female,29.47.99.214
859,Beverlie,Gornall,bgornallnu@nifty.com,Female,22.133.134.251
860,Broderic,McKilroe,bmckilroenv@examiner.com,Male,144.133.225.5
861,Derry,Morilla,dmorillanw@thetimes.co.uk,Male,70.41.217.23
862,Curran,Conaghy,cconaghynx@fc2.com,Male,71.93.86.213
863,Dahlia,Robelet,drobeletny@google.it,Female,230.119.145.4
864,Merola,Stegers,mstegersnz@1688.com,Female,105.145.94.114
865,Nobe,Livesay,nlivesayo0@wikispaces.com,Genderfluid,168.5.207.154
866,Katrina,Heiner,kheinero1@amazon.com,Agender,201.24.229.77
867,Jeddy,Bemand,jbemando2@webs.com,Male,182.213.68.72
868,Kermy,Hanaby,khanabyo3@un.org,Male,254.152.30.223
869,Juliette,Kolczynski,jkolczynskio4@marketwatch.com,Female,89.9.30.166
870,Erhard,Bagnell,ebagnello5@123-reg.co.uk,Male,228.27.89.160
871,Marys,McMaster,mmcmastero6@icq.com,Genderqueer,202.219.198.178
872,Perry,Ballchin,pballchino7@nymag.com,Male,115.6.56.10
873,Jamima,Thurgood,jthurgoodo8@biglobe.ne.jp,Female,94.118.117.219
874,Manny,Tilly,mtillyo9@yandex.ru,Male,100.246.111.113
875,Ines,Cocksedge,icocksedgeoa@salon.com,Female,137.137.28.171
876,Clayborn,Burtonwood,cburtonwoodob@istockphoto.com,Male,37.187.148.92
877,Shena,Sellen,ssellenoc@arizona.edu,Female,38.212.178.74
878,Lenna,Lie,llieod@patch.com,Female,9.108.181.217
879,Berenice,Christofides,bchristofidesoe@slideshare.net,Female,32.235.67.117
880,Claudette,Gouck,cgouckof@ox.ac.uk,Female,115.20.74.106
881,Sioux,Tebbett,stebbettog@fema.gov,Female,83.143.133.72
882,Ira,Granville,igranvilleoh@joomla.org,Male,155.171.220.109
883,Konrad,Matteau,kmatteauoi@csmonitor.com,Male,2.14.174.6
884,Horace,Kurth,hkurthoj@deliciousdays.com,Male,64.143.80.64
885,Menard,Stollwerk,mstollwerkok@wikimedia.org,Male,254.174.51.167
886,Hillier,Kewish,hkewishol@who.int,Male,215.207.146.101
887,Madelyn,Iwanczyk,miwanczykom@soundcloud.com,Female,16.13.8.205
888,Belvia,Voas,bvoason@intel.com,Female,193.252.196.27
889,Dorris,Gillmore,dgillmoreoo@weather.com,Genderfluid,254.55.168.202
890,Birk,Tenby,btenbyop@joomla.org,Male,41.104.173.210
891,Brendis,Blogg,bbloggoq@typepad.com,Male,43.63.237.72
892,Jemie,Lapish,jlapishor@army.mil,Female,204.149.53.64
893,Michaeline,Bromby,mbrombyos@lycos.com,Female,9.186.159.49
894,Esdras,Whiting,ewhitingot@acquirethisname.com,Male,185.46.60.89
895,Kenn,Presdie,kpresdieou@businessinsider.com,Male,27.126.167.143
896,Paulette,Goldring,pgoldringov@youtu.be,Female,201.147.37.222
897,Willie,Worral,wworralow@wsj.com,Male,147.106.153.247
898,Carla,Luck,cluckox@howstuffworks.com,Female,104.212.149.242
899,Mella,Scoffham,mscoffhamoy@163.com,Female,241.200.132.69
900,Kelila,Auchterlony,kauchterlonyoz@webnode.com,Female,72.30.106.134
901,Jock,Hurl,jhurlp0@tinypic.com,Male,141.223.172.59
902,Currie,Quade,cquadep1@bizjournals.com,Male,61.53.218.38
903,Eward,Prestidge,eprestidgep2@howstuffworks.com,Male,125.161.229.69
904,Dari,Championnet,dchampionnetp3@google.com,Female,12.15.182.139
905,Abie,Bakes,abakesp4@miitbeian.gov.cn,Bigender,60.9.149.100
906,Lori,Knightly,lknightlyp5@nymag.com,Female,142.230.156.212
907,Roderigo,Ovendale,rovendalep6@rakuten.co.jp,Male,18.59.163.23
908,Zonda,Hlavecek,zhlavecekp7@omniture.com,Genderqueer,88.121.132.70
909,Hallie,Sheran,hsheranp8@odnoklassniki.ru,Female,155.170.164.48
910,Gae,Denacamp,gdenacampp9@gravatar.com,Female,210.8.214.248
911,Syd,Ivy,sivypa@bloomberg.com,Male,2.165.180.117
912,Anstice,Christopher,achristopherpb@samsung.com,Female,229.104.109.140
913,Catarina,Hemms,chemmspc@tamu.edu,Female,180.6.185.81
914,Wilone,Adrien,wadrienpd@privacy.gov.au,Female,7.17.129.95
915,Neila,Lavington,nlavingtonpe@tamu.edu,Female,126.107.212.183
916,Lloyd,Bront,lbrontpf@paypal.com,Male,35.245.142.190
917,Care,McRory,cmcrorypg@freewebs.com,Genderqueer,41.149.183.75
918,Mabel,Wales,mwalesph@tumblr.com,Female,160.172.254.62
919,Alex,Wornum,awornumpi@nps.gov,Male,49.140.246.88
920,Kent,Brisco,kbriscopj@bravesites.com,Agender,162.60.201.193
921,Elisha,Shorton,eshortonpk@google.cn,Male,80.197.241.171
922,Ced,Kemmons,ckemmonspl@fema.gov,Male,76.195.142.59
923,Mella,Toplin,mtoplinpm@cisco.com,Female,208.161.251.176
924,Nicolais,Harbord,nharbordpn@discuz.net,Male,85.227.119.202
925,Harper,Girodon,hgirodonpo@google.com.br,Male,204.232.23.251
926,Ursa,Harcase,uharcasepp@booking.com,Female,97.111.140.57
927,Merwyn,Pibworth,mpibworthpq@java.com,Male,234.6.26.40
928,Bethany,Hansill,bhansillpr@hubpages.com,Female,154.41.138.7
929,Leela,Sollom,lsollomps@phpbb.com,Female,144.101.194.221
930,Les,Gisby,lgisbypt@usa.gov,Male,115.83.126.241
931,Hervey,Pavier,hpavierpu@edublogs.org,Male,141.252.61.183
932,Cam,Rizzelli,crizzellipv@businessweek.com,Male,55.241.120.213
933,Dorthea,Bonnell,dbonnellpw@geocities.com,Female,206.71.82.22
934,Jordain,Scown,jscownpx@state.gov,Female,97.254.135.243
935,Zack,Anfusso,zanfussopy@ning.com,Male,126.163.190.115
936,Beltran,Eggins,begginspz@moonfruit.com,Male,112.31.200.38
937,Valerye,McLenahan,vmclenahanq0@freewebs.com,Female,129.226.243.205
938,Charline,Ferrers,cferrersq1@google.nl,Female,162.250.94.68
939,Ned,Bussel,nbusselq2@4shared.com,Male,6.116.115.167
940,Berny,Castelow,bcastelowq3@mapquest.com,Female,12.156.115.221
941,Rahel,Lurriman,rlurrimanq4@wp.com,Female,114.11.233.55
942,Filberto,Claiton,fclaitonq5@nih.gov,Male,127.38.127.37
943,Rosalie,Moore,rmooreq6@auda.org.au,Female,197.207.91.91
944,Anthea,Reaper,areaperq7@sogou.com,Female,21.9.121.91
945,Xylina,Nuemann,xnuemannq8@tinypic.com,Female,212.240.63.3
946,Clayborn,Mattheissen,cmattheissenq9@deliciousdays.com,Male,78.187.251.40
947,Dorian,Barrable,dbarrableqa@army.mil,Male,202.190.223.121
948,Tomas,Rohlfs,trohlfsqb@exblog.jp,Male,27.113.132.159
949,Lillis,Dudmarsh,ldudmarshqc@soup.io,Female,243.123.29.94
950,Averill,Ganforth,aganforthqd@merriam-webster.com,Male,102.195.65.208
951,Ewen,Rabbe,erabbeqe@phpbb.com,Polygender,244.149.74.107
952,Alexis,Allans,aallansqf@indiatimes.com,Female,4.139.187.213
953,Jarrett,Dew,jdewqg@zimbio.com,Male,240.96.210.167
954,Arielle,Atkirk,aatkirkqh@bloglines.com,Female,249.113.128.184
955,Mildred,Suddick,msuddickqi@123-reg.co.uk,Female,35.94.25.86
956,Ardella,Haymes,ahaymesqj@behance.net,Female,63.118.218.133
957,Gregorio,Oliveras,goliverasqk@businessinsider.com,Male,35.33.131.128
958,Kylie,Powdrell,kpowdrellql@pbs.org,Female,29.250.54.9
959,Adam,Harower,aharowerqm@trellian.com,Male,55.122.171.149
960,Curtis,Tidmas,ctidmasqn@bravesites.com,Male,185.101.166.232
961,Gene,Tribe,gtribeqo@php.net,Male,121.96.122.14
962,Sergei,Prickett,sprickettqp@blinklist.com,Male,76.57.54.76
963,Jakob,Byatt,jbyattqq@opera.com,Male,161.32.142.233
964,Adelind,Lavers,alaversqr@google.com.br,Female,115.31.83.25
965,Lorry,Scawn,lscawnqs@dot.gov,Male,17.172.191.112
966,Edmund,Phil,ephilqt@sciencedaily.com,Male,154.145.19.210
967,Arv,Dockrill,adockrillqu@amazon.co.uk,Male,2.134.126.130
968,Cortie,Bohlin,cbohlinqv@i2i.jp,Male,168.68.86.34
969,Hieronymus,Choudhury,hchoudhuryqw@ibm.com,Male,145.32.47.54
970,Elberta,Duffree,eduffreeqx@cocolog-nifty.com,Female,245.211.150.89
971,Prisca,Gellert,pgellertqy@aboutads.info,Female,210.85.71.107
972,Almire,Towsie,atowsieqz@upenn.edu,Female,67.81.78.43
973,Powell,Farmar,pfarmarr0@ted.com,Male,113.66.112.13
974,Cointon,Erett,cerettr1@hao123.com,Male,71.91.66.208
975,Broderick,Pree,bpreer2@pen.io,Male,18.164.17.248
976,Vilma,Tiller,vtillerr3@ow.ly,Female,153.224.253.251
977,Wolfie,Colaton,wcolatonr4@live.com,Male,237.254.49.223
978,Parke,Sneesby,psneesbyr5@youku.com,Male,142.160.162.109
979,Trip,Krzysztof,tkrzysztofr6@wikimedia.org,Male,145.60.84.1
980,Forester,Renison,frenisonr7@japanpost.jp,Male,33.118.3.251
981,Sholom,O'Sirin,sosirinr8@discovery.com,Male,60.198.56.196
982,Aline,Boldero,abolderor9@craigslist.org,Female,14.166.145.170
983,Adelaide,Paulin,apaulinra@amazon.de,Female,51.249.156.219
984,Galen,Forder,gforderrb@friendfeed.com,Male,125.90.251.20
985,Padriac,Raccio,pracciorc@addthis.com,Male,113.8.134.218
986,Keely,Randleson,krandlesonrd@netscape.com,Female,204.224.231.9
987,Deck,Noquet,dnoquetre@bbc.co.uk,Agender,146.26.225.61
988,Domenico,Gutowski,dgutowskirf@huffingtonpost.com,Male,80.79.116.136
989,Connie,Bourchier,cbourchierrg@bandcamp.com,Polygender,84.24.78.63
990,Annissa,Newing,anewingrh@simplemachines.org,Female,30.243.254.237
991,Nedi,Darragon,ndarragonri@cyberchimps.com,Female,98.19.190.152
992,Maitilde,Pogosian,mpogosianrj@delicious.com,Female,199.191.104.5
993,Merrie,Schmuhl,mschmuhlrk@slideshare.net,Female,163.198.171.42
994,Guthrey,Durant,gdurantrl@springer.com,Male,145.37.134.21
995,Ira,Wallett,iwallettrm@chicagotribune.com,Male,6.80.222.98
996,Vonni,Clover,vcloverrn@prweb.com,Female,24.213.161.113
997,Nicoli,Gibberd,ngibberdro@cbsnews.com,Female,126.179.253.108
998,Andras,Pallesen,apallesenrp@nyu.edu,Male,244.96.190.104
999,Boone,Bulger,bbulgerrq@woothemes.com,Male,194.47.43.10
1000,Gamaliel,Jorcke,gjorckerr@mail.ru,Male,149.240.209.177
